id;matricule_app;nom;prenom;sexe;telephone;email
1;a;orchid navigating Fundamental;indigo Kids;M;0107983213;France.Vidal62@hotmail.fr
2;Berkshire Computers Fantastic;Assistant;c;M;+33 793795020;JeannedArc.Simon@hotmail.fr
3;Account;Manat withdrawal Computer;Nesle;M;+33 171253444;Zo_Marchal28@gmail.com
4;Plastic Roumanie Rubber;transmitting;pink;F;0180634432;meric91@hotmail.fr
5;support Car maroon;Account workforce;Rwanda d'Al√©sia TCP;F;0478968931;Stphane_Bonnet97@hotmail.fr
6;Avon Zimbabwe Manager;productivity;Cotton leverage;M;0374216306;Thierry35@yahoo.fr
7;compressing Analyste;revolutionary Reduced Centre;aggregate index;F;+33 236350875;Adelphe95@hotmail.fr
8;Delesseux interface;PNG;Gorgeous generating Architecte;M;0465979623;Arielle.Louis@hotmail.fr
9;Baht b Turquie;redundant;payment invoice robust;M;0315213449;milie5@gmail.com
10;a connect a;explicit Ergonomic matrix;Hat Automotive Small;M;0596121451;Michel.Petit@yahoo.fr
